CREATE TABLE IF NOT EXISTS "user" (
    user_id SERIAL NOT NULL,
    user_joining_date DATE NOT NULL,
    PRIMARY KEY (user_id)
);

INSERT INTO "user" (user_id, user_joining_date)
VALUES 
(91235, '2024-01-21'),
(93430, '2024-01-21'),
(5963, '2024-01-21'),
(29926, '2024-01-21'),
(67471, '2024-01-21'),
(36235, '2024-01-21'),
(8122, '2024-01-21'),
(85641, '2024-01-21'),
(88791, '2024-01-21'),
(39853, '2024-01-21');

CREATE TABLE IF NOT EXISTS "expense_type" (
    expense_id SERIAL NOT NULL,
    expense_name VARCHAR(255) NOT NULL,
    PRIMARY KEY (expense_id)
);

INSERT INTO "expense_type" (expense_id, expense_name)
VALUES (1, 'coffee'), (2, 'food'), (3, 'alcohol');

CREATE TABLE IF NOT EXISTS "expenses" (
    user_id INT NOT NULL,
    expense_id INT NOT NULL,
    expense_date DATE NOT NULL,
    expense_amount INT NOT NULL,
    PRIMARY KEY (user_id, expense_id, expense_date),
    FOREIGN KEY (user_id) REFERENCES "user"(user_id),
    FOREIGN KEY (expense_id) REFERENCES "expense_type"(expense_id)
);

INSERT INTO "expenses" (user_id, expense_id, expense_date, expense_amount)
VALUES 
(91235,	1,	'2024-01-21',	8),
(91235,	2,	'2024-01-21',	29),
(91235,	3,	'2024-01-21',	20),
(93430,	1,	'2024-01-21',	8),
(93430,	2,	'2024-01-21',	25),
(93430,	3,	'2024-01-21',	22),
(5963,	1,	'2024-01-21',	8),
(5963,	2,	'2024-01-21',	23),
(5963,	3,	'2024-01-21',	18),
(29926,	1,	'2024-01-21',	6),
(29926,	2,	'2024-01-21',	15),
(29926,	3,	'2024-01-21',	15),
(67471,	1,	'2024-01-21',	12),
(67471,	2,	'2024-01-21',	22),
(67471,	3,	'2024-01-21',	15),
(36235,	1,	'2024-01-21',	10),
(36235,	2,	'2024-01-21',	40),
(36235,	3,	'2024-01-21',	5),
(8122,	1,	'2024-01-21',	5),
(8122,	2,	'2024-01-21',	30),
(8122,	3,	'2024-01-21',	24),
(85641,	1,	'2024-01-21',	7),
(85641,	2,	'2024-01-21',	22),
(85641,	3,	'2024-01-21',	5),
(88791,	1,	'2024-01-21',	10),
(88791,	2,	'2024-01-21',	36),
(88791,	3,	'2024-01-21',	22),
(39853,	1,	'2024-01-21',	10),
(39853,	2,	'2024-01-21',	25),
(39853,	3,	'2024-01-21',	17),
(91235,	1,	'2024-01-22',	8),
(91235,	2,	'2024-01-22',	16),
(91235,	3,	'2024-01-22',	12),
(93430,	1,	'2024-01-22',	6),
(93430,	2,	'2024-01-22',	17),
(93430,	3,	'2024-01-22',	9),
(5963,	1,	'2024-01-22',	5),
(5963,	2,	'2024-01-22',	28),
(5963,	3,	'2024-01-22',	2),
(29926,	1,	'2024-01-22',	11),
(29926,	2,	'2024-01-22',	20),
(29926,	3,	'2024-01-22',	16),
(67471,	1,	'2024-01-22',	7),
(67471,	2,	'2024-01-22',	38),
(67471,	3,	'2024-01-22',	12),
(36235,	1,	'2024-01-22',	5),
(36235,	2,	'2024-01-22',	15),
(36235,	3,	'2024-01-22',	4),
(8122,	1,	'2024-01-22',	7),
(8122,	2,	'2024-01-22',	36),
(8122,	3,	'2024-01-22',	16),
(85641,	1,	'2024-01-22',	6),
(85641,	2,	'2024-01-22',	18),
(85641,	3,	'2024-01-22',	11),
(88791,	1,	'2024-01-22',	5),
(88791,	2,	'2024-01-22',	34),
(88791,	3,	'2024-01-22',	1),
(39853,	1,	'2024-01-22',	8),
(39853,	2,	'2024-01-22',	21),
(39853,	3,	'2024-01-22',	21),
(91235,	1,	'2024-01-23',	5),
(91235,	2,	'2024-01-23',	22),
(91235,	3,	'2024-01-23',	20),
(93430,	1,	'2024-01-23',	5),
(93430,	2,	'2024-01-23',	23),
(93430,	3,	'2024-01-23',	2),
(5963,	1,	'2024-01-23',	9),
(5963,	2,	'2024-01-23',	11),
(5963,	3,	'2024-01-23',	21),
(29926,	1,	'2024-01-23',	7),
(29926,	2,	'2024-01-23',	14),
(29926,	3,	'2024-01-23',	18),
(67471,	1,	'2024-01-23',	9),
(67471,	2,	'2024-01-23',	22),
(67471,	3,	'2024-01-23',	5),
(36235,	1,	'2024-01-23',	12),
(36235,	2,	'2024-01-23',	29),
(36235,	3,	'2024-01-23',	21),
(8122,	1,	'2024-01-23',	10),
(8122,	2,	'2024-01-23',	39),
(8122,	3,	'2024-01-23',	13),
(85641,	1,	'2024-01-23',	7),
(85641,	2,	'2024-01-23',	25),
(85641,	3,	'2024-01-23',	1),
(88791,	1,	'2024-01-23',	7),
(88791,	2,	'2024-01-23',	10),
(88791,	3,	'2024-01-23',	15),
(39853,	1,	'2024-01-23',	12),
(39853,	2,	'2024-01-23',	15),
(39853,	3,	'2024-01-23',	21),
(91235,	1,	'2024-01-24',	6),
(91235,	2,	'2024-01-24',	38),
(91235,	3,	'2024-01-24',	23),
(93430,	1,	'2024-01-24',	12),
(93430,	2,	'2024-01-24',	37),
(93430,	3,	'2024-01-24',	22),
(5963,	1,	'2024-01-24',	5),
(5963,	2,	'2024-01-24',	34),
(5963,	3,	'2024-01-24',	13),
(29926,	1,	'2024-01-24',	5),
(29926,	2,	'2024-01-24',	17),
(29926,	3,	'2024-01-24',	13),
(67471,	1,	'2024-01-24',	7),
(67471,	2,	'2024-01-24',	25),
(67471,	3,	'2024-01-24',	12),
(36235,	1,	'2024-01-24',	12),
(36235,	2,	'2024-01-24',	19),
(36235,	3,	'2024-01-24',	0),
(8122,	1,	'2024-01-24',	8),
(8122,	2,	'2024-01-24',	23),
(8122,	3,	'2024-01-24',	3),
(85641,	1,	'2024-01-24',	7),
(85641,	2,	'2024-01-24',	17),
(85641,	3,	'2024-01-24',	16),
(88791,	1,	'2024-01-24',	9),
(88791,	2,	'2024-01-24',	35),
(88791,	3,	'2024-01-24',	0),
(39853,	1,	'2024-01-24',	11),
(39853,	2,	'2024-01-24',	35),
(39853,	3,	'2024-01-24',	13),
(91235,	1,	'2024-01-25',	6),
(91235,	2,	'2024-01-25',	19),
(91235,	3,	'2024-01-25',	11),
(93430,	1,	'2024-01-25',	12),
(93430,	2,	'2024-01-25',	16),
(93430,	3,	'2024-01-25',	12),
(5963,	1,	'2024-01-25',	11),
(5963,	2,	'2024-01-25',	12),
(5963,	3,	'2024-01-25',	17),
(29926,	1,	'2024-01-25',	10),
(29926,	2,	'2024-01-25',	26),
(29926,	3,	'2024-01-25',	15),
(67471,	1,	'2024-01-25',	12),
(67471,	2,	'2024-01-25',	14),
(67471,	3,	'2024-01-25',	1),
(36235,	1,	'2024-01-25',	7),
(36235,	2,	'2024-01-25',	32),
(36235,	3,	'2024-01-25',	2),
(8122,	1,	'2024-01-25',	8),
(8122,	2,	'2024-01-25',	12),
(8122,	3,	'2024-01-25',	13),
(85641,	1,	'2024-01-25',	5),
(85641,	2,	'2024-01-25',	10),
(85641,	3,	'2024-01-25',	4),
(88791,	1,	'2024-01-25',	12),
(88791,	2,	'2024-01-25',	32),
(88791,	3,	'2024-01-25',	21),
(39853,	1,	'2024-01-25',	8),
(39853,	2,	'2024-01-25',	24),
(39853,	3,	'2024-01-25',	19),
(91235,	1,	'2024-01-26',	12),
(91235,	2,	'2024-01-26',	29),
(91235,	3,	'2024-01-26',	25),
(93430,	1,	'2024-01-26',	12),
(93430,	2,	'2024-01-26',	18),
(93430,	3,	'2024-01-26',	4),
(5963,	1,	'2024-01-26',	12),
(5963,	2,	'2024-01-26',	32),
(5963,	3,	'2024-01-26',	20),
(29926,	1,	'2024-01-26',	6),
(29926,	2,	'2024-01-26',	37),
(29926,	3,	'2024-01-26',	14),
(67471,	1,	'2024-01-26',	5),
(67471,	2,	'2024-01-26',	32),
(67471,	3,	'2024-01-26',	19),
(36235,	1,	'2024-01-26',	10),
(36235,	2,	'2024-01-26',	15),
(36235,	3,	'2024-01-26',	0),
(8122,	1,	'2024-01-26',	9),
(8122,	2,	'2024-01-26',	21),
(8122,	3,	'2024-01-26',	5),
(85641,	1,	'2024-01-26',	9),
(85641,	2,	'2024-01-26',	33),
(85641,	3,	'2024-01-26',	21),
(88791,	1,	'2024-01-26',	7),
(88791,	2,	'2024-01-26',	12),
(88791,	3,	'2024-01-26',	22),
(39853,	1,	'2024-01-26',	10),
(39853,	2,	'2024-01-26',	10),
(39853,	3,	'2024-01-26',	24),
(91235,	1,	'2024-01-27',	6),
(91235,	2,	'2024-01-27',	14),
(91235,	3,	'2024-01-27',	10),
(93430,	1,	'2024-01-27',	5),
(93430,	2,	'2024-01-27',	27),
(93430,	3,	'2024-01-27',	18),
(5963,	1,	'2024-01-27',	10),
(5963,	2,	'2024-01-27',	30),
(5963,	3,	'2024-01-27',	3),
(29926,	1,	'2024-01-27',	6),
(29926,	2,	'2024-01-27',	14),
(29926,	3,	'2024-01-27',	12),
(67471,	1,	'2024-01-27',	11),
(67471,	2,	'2024-01-27',	27),
(67471,	3,	'2024-01-27',	19),
(36235,	1,	'2024-01-27',	5),
(36235,	2,	'2024-01-27',	16),
(36235,	3,	'2024-01-27',	9),
(8122,	1,	'2024-01-27',	8),
(8122,	2,	'2024-01-27',	20),
(8122,	3,	'2024-01-27',	13),
(85641,	1,	'2024-01-27',	11),
(85641,	2,	'2024-01-27',	37),
(85641,	3,	'2024-01-27',	9),
(88791,	1,	'2024-01-27',	6),
(88791,	2,	'2024-01-27',	37),
(88791,	3,	'2024-01-27',	25),
(39853,	1,	'2024-01-27',	7),
(39853,	2,	'2024-01-27',	39),
(39853,	3,	'2024-01-27',	18),
(91235,	1,	'2024-01-28',	12),
(91235,	2,	'2024-01-28',	40),
(91235,	3,	'2024-01-28',	17),
(93430,	1,	'2024-01-28',	12),
(93430,	2,	'2024-01-28',	22),
(93430,	3,	'2024-01-28',	4),
(5963,	1,	'2024-01-28',	5),
(5963,	2,	'2024-01-28',	35),
(5963,	3,	'2024-01-28',	4),
(29926,	1,	'2024-01-28',	6),
(29926,	2,	'2024-01-28',	14),
(29926,	3,	'2024-01-28',	8),
(67471,	1,	'2024-01-28',	11),
(67471,	2,	'2024-01-28',	26),
(67471,	3,	'2024-01-28',	15),
(36235,	1,	'2024-01-28',	5),
(36235,	2,	'2024-01-28',	21),
(36235,	3,	'2024-01-28',	21),
(8122,	1,	'2024-01-28',	5),
(8122,	2,	'2024-01-28',	36),
(8122,	3,	'2024-01-28',	17),
(85641,	1,	'2024-01-28',	7),
(85641,	2,	'2024-01-28',	27),
(85641,	3,	'2024-01-28',	5),
(88791,	1,	'2024-01-28',	10),
(88791,	2,	'2024-01-28',	32),
(88791,	3,	'2024-01-28',	11),
(39853,	1,	'2024-01-28',	7),
(39853,	2,	'2024-01-28',	38),
(39853,	3,	'2024-01-28',	11);